T;rho1;rho2;P;u;delta_P;delta_u
569.45;2093.96;2198.2;2.55984;0.0273453;4.36855e-011;2.03622e-014
569.46;2101.33;2191.01;2.56028;0.0273462;2.70419e-011;1.26531e-014
569.47;2110.12;2182.38;2.56072;0.0273471;2.12923e-011;9.92956e-015
569.48;2145.58;2145.67;2.56116;0.027348;2.36046e-008;1.10012e-011
569.49;1.9126;1.91254;0.000449714;0.00322923;4.07507e-008;2.13068e-008
569.5;1.9126;1.91254;0.000449722;0.00322929;4.07508e-008;2.13068e-008
569.5;1.9126;1.91254;0.000449722;0.00322929;4.07508e-008;2.13068e-008
