T;rho1;rho2;P;u;delta_P;delta_u
120;199.762;25828.1;0.186917;0.00515582;5.17915e-009;3.76424e-011
122;226.702;25610.6;0.214007;0.00535597;4.20769e-009;3.20213e-011
124;256.058;25388.9;0.24396;0.00555527;4.06393e-009;3.00236e-011
