T;rho1;rho2;P;u
508.463;5879.8;10008.4;7.72526;0.02962
