T;rho1;rho2;P;u
568.31;1371.91;1805.78;2.46542;0.0276575
568.41;1382.33;1794.23;2.46861;0.0276661
568.51;1393.37;1782.06;2.4718;0.0276747
568.61;1405.16;1769.14;2.475;0.0276833
568.71;1417.86;1755.31;2.4782;0.0276919
568.81;1431.7;1740.34;2.4814;0.0277005
568.91;1447.03;1723.87;2.48461;0.0277091
569.01;1464.47;1705.3;2.48782;0.0277177
569.11;1485.12;1683.51;2.49103;0.0277263
569.21;1511.8;1655.7;2.49424;0.0277349
569.31;1581.79;1581.89;2.49746;0.0277435
