T;rho1;rho2;P;u
511.832;4455.41;7311.72;6.17175;0.0290567
511.932;4527.38;7256.97;6.18389;0.029067
512.032;4606.12;7198.27;6.1961;0.0290773
512.132;4692.96;7134.81;6.20841;0.0290876
512.232;4789.65;7065.5;6.2208;0.029098
512.332;4898.5;6988.73;6.2333;0.0291083
512.432;5022.7;6902.08;6.2459;0.0291186
512.532;5167.07;6801.43;6.25863;0.029129
512.632;5340.04;6678.79;6.27149;0.0291393
512.732;5562.17;6513.52;6.28449;0.0291497
512.832;4409.13;4409.13;6.25481;0.0291511
