T;rho1;rho2;P;u
424.3;3153.1;5353.33;3.65115;-0.0134069
424.4;3189.07;5317.71;3.65764;-0.0134067
424.5;3227.82;5279.27;3.66415;-0.0134064
