T;rho1;rho2;P;u
510.802;6351.45;10335.9;8.03909;0.0298809
510.902;6431.84;10259.3;8.05351;0.0298915
511.002;6518.29;10179.1;8.06798;0.0299021
511.102;6611.88;10091;8.08251;0.0299127
511.202;6714.52;9996.31;8.09709;0.0299232
511.302;6827.94;9891.79;8.11173;0.0299338
511.402;6955.91;9776.45;8.12644;0.0299444
511.502;7101.93;9646.26;8.14121;0.029955
511.602;7273.83;9492.21;8.15606;0.0299656
511.702;7486.17;9303.35;8.17098;0.0299762
511.802;7778.62;9036.04;8.18599;0.0299868
