T;rho1;rho2;P;u
511.59;4855.93;6593.25;7.96802;0.0303372
511.69;4897.36;6546.78;7.98062;0.0303473
511.79;4941.31;6497.79;7.99323;0.0303574
511.89;4988.24;6445.82;8.00586;0.0303675
511.99;5038.82;6390.2;8.0185;0.0303776
512.09;5093.98;6329.99;8.03116;0.0303877
512.19;5155.16;6263.77;8.04383;0.0303978
512.29;5224.72;6189.15;8.05652;0.0304079
512.39;5307.22;6101.6;8.06922;0.030418
512.49;5413.89;5989.88;8.08194;0.0304281
512.59;5609.5;5789.19;8.09467;0.0304381
