rho;rho_l;P_l;rho_v;P_v
565.000000000000000;2.517666238183255;23.229527119231047;1.513317997612778;23.258873611280606;0.000000000000000
