rho;rho_l;P_l;rho_v;P_v
369.800000000000011;-9590680259.370616912841797;-0.016579151153564;0.000177343749915;-0.016600464416122;0.000000000000000
