rho;rho_l;P_l;rho_v;P_v
569.000000000000000;3042.990192925978135;2.456963632811582;1446.804687389580977;2.456963632811582;-0.000076899236989
