rho;rho_l;P_l;rho_v;P_v
450.000000000000000;8.727204496914032;357938.444060918875039;7818.461458497401509;357938.444060906185769;0.000000000000000
