rho;rho_l;P_l;rho_v;P_v
568.799999999999955;2.795700485216105;24.572483974072576;1.332893463686855;24.576892855705399;0.000000000000000
